course_id,course_title,category_id
cm9ofiwv5000wtieojer1sthy,React,cm9of5sgs0001tieors3xonr7
cm9p1p5mc0000tib4u29ke1k7,Node Js,cm9of5sgs0001tieors3xonr7
cm9p6d83b000ltiksjyu5spyx,Mastering UI/UX Design: From Beginner to Pro,cm9of5sgs0002tieouvjpb1hh
cm9z8i0nj001utieop0oro9ni,Cloud Computing,cm9of5sgs000btieo2tupcx1b
cm9ze6yhr0000tihwc2xo94ln,dfghjk,cm9of5sgs0005tieod876mdnp
cma2e403u000htit0fcr7p3vh,Artificial Intelligence,cm9of5sgs0005tieod876mdnp
cmao0gyv70018tiuc1zmktj3v,Machine Learning,cm9of5sgs0005tieod876mdnp
cmao13yso002btiucrfrlf480,Algorithm,cm9of5sgs0005tieod876mdnp
cmao3xv9r0000timo2gwm7hlp,AI and ML,cm9of5sgs0005tieod876mdnp
